stem,method,depth_axis,n_slices,threshold,snr_sum,snr_mean,snr_median,global_snr,enl_sum,enl_mean,enl_median,global_enl,cnr_sum,cnr_mean,cnr_median,global_cnr,beta_sum,beta_mean,beta_median,global_beta,snr_bg_sum,snr_bg_mean,snr_bg_median,global_snr_bg,enl_bg_sum,enl_bg_mean,enl_bg_median,global_enl_bg,cnr_bg_sum,cnr_bg_mean,cnr_bg_median,global_cnr_bg,bg_sigma_sum,bg_sigma_mean,bg_sigma_median,global_bg_sigma
2401,original,1,200,60.0,1233.9640829225418,6.169820414612709,4.151947676739442,3.892068975198587,12742.92624708767,63.71463123543835,17.238751870363238,15.148200907703378,542.0329194980088,2.710164597490044,2.5907489512440054,2.4507499305509906,200.0,1.0,1.0,1.0,1414.235153927333,7.071175769636665,6.898364030803558,7.394882445699755,1015.5543615055161,5.07777180752758,5.139821334900695,4.549374496498432,965.514009515177,4.827570047575885,4.606822250112078,5.261956170251297,2466.5526005229053,12.332763002614527,12.541627572896148,12.702751625059731
2401,gaussian,1,200,60.0,869.0784780079393,4.345392390039697,4.200998291019109,3.9270624766491005,3902.289463571941,19.511447317859705,17.648387192532702,15.421819695505366,419.5426214570809,2.0977131072854043,1.9718316916841605,2.2986680590101605,70.4845063371007,0.35242253168550347,0.36145063649640974,0.5257080408332925,1701.2108386857028,8.506054193428515,7.034026777780852,7.463920762080062,3724.431213502124,18.62215606751062,6.975422451957743,6.386613860735632,941.7496783321644,4.708748391660822,3.970979975299907,4.936745686875411,1953.6688254844987,9.768344127422493,10.813530119542992,11.255617463590866
2401,median,1,200,60.0,746.9336941495789,3.734668470747894,3.7361319958433197,3.5778820099618676,2863.962517699074,14.31981258849537,13.95868509644359,12.801239677208773,384.25043365131927,1.9212521682565964,1.889776633833041,2.179251175470552,71.58624756516602,0.3579312378258301,0.40056988424883155,0.5329932393212256,1469.9606472644425,7.349803236322213,6.639730470461878,7.3560852942017,1998.5201782642835,9.992600891321418,6.25011548396998,5.634453632300208,869.5321083536649,4.347660541768324,3.7570812610944326,4.9823848850724834,2150.4779999174557,10.752389999587278,11.47447478567369,11.869551266890324
2401,bilateral,1,200,60.0,948.1390042012015,4.740695021006007,4.434960991337318,4.038363486700349,4836.3698898637895,24.181849449318946,19.66888657102615,16.3083796507146,502.14086906757836,2.5107043453378917,2.330669186787449,2.56339365860905,147.4366866430903,0.7371834332154514,0.7703841048520066,0.8549116496166248,2064.472906130437,10.322364530652186,8.711178109738347,9.084541618479081,3621.6096395435197,18.108048197717597,10.06285473229185,7.694781938393924,1273.0869473786802,6.365434736893401,4.975051954947709,6.310594622158869,1592.8427345116777,7.9642136725583885,8.467730122145003,9.486391804993062
2401,tv,1,200,60.0,900.263662738884,4.50131831369442,4.271847907579554,3.987923128416597,4276.892810828878,21.38446405414439,18.248739820974585,15.903530878160016,434.4136967990807,2.1720684839954036,2.0139755471945686,2.3611337859348245,87.53592637494832,0.43767963187474157,0.4999257878116772,0.6021585293040842,1915.3491357187297,9.576745678593648,7.397583240873701,7.889277408451762,5657.628872734349,28.288144363671744,7.9391841047090494,7.051230673406414,1033.2280973893562,5.166140486946781,4.2363973346591415,5.233862059884534,1823.1330519843848,9.115665259921924,10.319574086431185,10.690960571884455
2401,wavelet,1,200,60.0,950.0497124669838,4.750248562334919,4.164228525187129,3.8286447981558887,5306.9053002063465,26.53452650103173,17.340812413616963,14.658520990446146,505.1158246577108,2.525579123288554,2.450684110877762,2.451230034003316,156.99393572678224,0.7849696786339112,0.8343048568546394,0.8981627560755845,1650.5116795266283,8.252558397633141,7.777890760186937,8.519260417040822,1634.8930961753667,8.174465480876833,7.268474437006606,6.448789289842212,1085.218679281068,5.42609339640534,4.979636745047454,5.979813766716737,2007.5543631642145,10.037771815821072,10.455268055203483,10.67121794415899
2401,nlm,1,200,60.0,866.7979693591556,4.333989846795777,4.0849065940667035,3.8097273971694943,4052.176621728376,20.26088310864188,16.68646433959684,14.51402284074385,421.96854985495423,2.109842749274771,1.9699117682528529,2.291187499441086,85.06347572361439,0.42531737861807195,0.48094856866025953,0.5989070437213772,1838.7514624985674,9.193757312492837,7.437933921445674,7.9246363066798615,4635.5683132158765,23.177841566079383,7.781249869628347,6.951592407071416,1014.1259589847775,5.070629794923888,4.27789482394928,5.288049041469128,1852.135053802815,9.260675269014076,10.324290353550321,10.705948778723503
2404,original,1,200,61.0,1243.8907890968185,6.2194539454840925,5.028314794971296,3.7300038215256017,11313.850752935865,56.569253764679324,25.283981049456674,13.912928508595593,511.9849412708662,2.559924706354331,2.4965417534839984,2.2855766581534493,200.0,1.0,1.0,1.0,1392.732513019505,6.963662565097525,6.882240956149322,7.522629463079198,1377.9401752140554,6.889700876070277,6.760253102850933,5.65286424217819,869.8989455426364,4.349494727713182,4.113887615117067,5.145054176746884,2369.6352199193107,11.848176099596554,11.64426973418458,12.42025859608831
2404,gaussian,1,200,61.0,772.4252701178409,3.8621263505892047,3.7113440071398114,3.668690342183215,3343.0059337162493,16.715029668581245,13.774112467115192,13.459288826828395,273.60929697603274,1.3680464848801637,1.22597060238073,2.0471580846561332,83.46939765676414,0.4173469882838207,0.3972793019311618,0.6056464038131001,2083.5580450123534,10.417790225061767,10.635386634613814,7.2151899018272045,8537.3979193909,42.6869895969545,39.31631627595611,7.281834449868106,902.424126857683,4.512120634288415,3.2645129290930783,4.516702464415626,1648.6263440070982,8.24313172003549,4.673711909417886,11.541897320842798
2404,median,1,200,61.0,638.1207704821092,3.1906038524105456,3.2876544722173904,3.3580338617131624,2143.822216300926,10.719111081504629,10.808674286016853,11.276391416412215,249.54297036435713,1.2477148518217858,1.1694990316452285,1.9432835580356522,82.15758594684732,0.4107879297342366,0.3978246425593517,0.6480830516947974,1540.7005916447592,7.703502958223797,6.7064130073563835,7.139376686046032,3673.744834134956,18.36872417067478,19.11307016384155,6.623635112819765,719.2572940275629,3.5962864701378146,2.5370987788468495,4.5657343035811015,1925.5595839536718,9.627797919768359,6.4674568015345315,12.059052236916973
2404,bilateral,1,200,61.0,861.015900165173,4.305079500825865,4.036733716673479,3.753978166818747,4259.489439001051,21.297447195005258,16.295226461397824,14.092352076951839,347.1563817229421,1.7357819086147106,1.5841779735488988,2.275067004536458,141.56720212668978,0.7078360106334489,0.7121791367994452,0.8978415132161579,2138.5269897553167,10.692634948776583,10.149087210868059,8.656742470060609,6865.7429512196395,34.3287147560982,27.367096408155994,8.63386676813888,1039.5175398168465,5.197587699084233,3.854216465306518,5.71839824786014,1407.4868031416136,7.037434015708068,4.767470668016111,9.841209671081216
2404,tv,1,200,61.0,781.989092489313,3.9099454624465646,3.6999021814037314,3.6637836266556336,3716.278201005834,18.58139100502917,13.68927642205291,13.423310462949907,267.81475655734494,1.3390737827867247,1.1924872735406609,2.0642998034199556,90.51643813433176,0.45258219067165883,0.4644730987146104,0.6811386360625544,2601.8786502179296,13.009393251089648,12.526074443828914,7.538849906747495,16163.8496788046,80.81924839402299,50.62586694804661,7.930752214900404,1063.6691719343025,5.3183458596715125,3.633391322518709,4.722690782177222,1483.686260531242,7.418431302656209,4.1644577983433475,11.055160429323784
2404,wavelet,1,200,61.0,925.3280238504901,4.626640119252451,4.117690338365115,3.6399372816665494,4927.559625168454,24.63779812584227,16.95546924170049,13.249143414466069,433.7400767676424,2.168700383838212,2.093077896377407,2.25102116992169,158.65527937910474,0.7932763968955236,0.8235084834405176,0.9405795661573917,1606.7795000700316,8.033897500350157,7.461188864595737,8.47256547230239,2256.39239610075,11.28196198050375,11.360946324380215,7.67213988022391,939.7356695596708,4.698678347798354,4.1366351863176245,5.702702681436404,1919.4843308163772,9.597421654081886,8.435453460145492,10.67669503322037
2404,nlm,1,200,61.0,755.7437229338682,3.778718614669341,3.615673471735323,3.5406570904955994,3330.78605466304,16.6539302733152,13.073120963455578,12.536252632476764,265.49965631351336,1.3274982815675669,1.204708633201408,2.024503273623337,89.95837875055851,0.44979189375279255,0.4689654538447392,0.680812232638748,2361.5849980189682,11.807924990094842,11.505613365385713,7.614405631919304,11947.981586241336,59.73990793120668,46.2451761570659,7.9124537292075185,999.3758486579219,4.99687924328961,3.5607202673412766,4.801497220824567,1530.3219708213887,7.651609854106944,4.345798015822911,11.005380548228494
2469,original,1,200,54.0,1337.230126477732,6.68615063238866,4.222165887181504,3.798296732629982,12004.18784106535,60.02093920532675,17.82668555255308,14.427058069107598,452.0599928612786,2.260299964306393,2.18358747671504,2.047430265978264,200.0,1.0,1.0,1.0,1291.0020851378654,6.455010425689327,6.363581153803141,7.038436785582755,1579.5706035272185,7.897853017636092,8.025696459819287,7.4378820278598905,730.1272392147209,3.6506361960736045,3.5025563145612706,4.3111887169502205,2216.6455420479933,11.083227710239967,11.119621288920065,11.201613396897335
2469,gaussian,1,200,54.0,1071.6159286692628,5.358079643346314,4.049073022800249,3.2467185468932094,7947.942704182883,39.739713520914414,16.39499235104653,10.541181322740353,222.8044760884086,1.114022380442043,1.0766450565351722,1.5111312912869928,55.11361184699376,0.2755680592349688,0.27260214228336427,0.46523380378013984,1776.3942047013534,8.881971023506766,7.908514489858128,7.514620142545267,9844.362463024005,49.221812315120026,19.275083905724678,13.723908191243936,521.496287230063,2.607481436150315,2.2688132787494384,3.8100407883885854,1440.648426758414,7.20324213379207,7.3937438080055795,8.842917689743977
2469,median,1,200,54.0,732.9655818857163,3.6648279094285816,3.5925546714912526,2.9662284096779437,2888.040309606982,14.440201548034912,12.906459177498185,8.798510978380543,196.58507595457365,0.9829253797728683,1.0147764975169284,1.4362737734819322,50.72136821260304,0.2536068410630152,0.2503701674477893,0.4563634505313661,1303.6286616171928,6.518143308085964,6.2951231680203446,7.052731393565985,3958.129237253949,19.790646186269747,13.946140750588302,11.209073481757224,446.9346899900451,2.2346734499502254,2.1696091325766504,3.7047359512516995,1751.0520066860843,8.755260033430421,8.56155995645742,9.768159545413278
2469,bilateral,1,200,54.0,1388.3756228528637,6.941878114264318,4.291281017584469,3.4049138736131837,16063.543430390673,80.31771715195336,18.41509277556675,11.593438486723535,320.5276307559178,1.602638153779589,1.550404502093228,1.7497389902201068,134.36373289696456,0.6718186644848229,0.6850189353843428,0.8259846777740344,1870.7674294429403,9.353837147214701,9.17864228309693,8.818533558179,7295.6623911170645,36.478311955585326,20.484760022267928,15.687497026473139,722.8755392199994,3.614377696099997,3.338581232372189,4.857789054115005,1243.9089108992832,6.219544554496416,6.1755853081367285,7.718568809931589
2469,tv,1,200,54.0,1323.5911077867665,6.617955538933833,4.144452744037783,3.2588199712679717,15467.334812630703,77.33667406315351,17.176528363680788,10.619907605134983,214.8278688810273,1.0741393444051366,1.047137645569203,1.5173182407098584,63.81817468710419,0.31909087343552095,0.35508108337473065,0.5513179584413311,2248.4172072237466,11.242086036118733,8.361750198539944,7.897186887619011,21381.72142618618,106.9086071309309,21.495707706658298,15.36219912467624,550.7105064624725,2.7535525323123626,2.411430809718428,3.9777227501792716,1291.0894755975546,6.455447377987773,6.996421137042429,8.376138443765202
2469,wavelet,1,200,54.0,988.4675685108964,4.942337842554482,3.909199898307663,3.4176193053205077,5709.379343204386,28.54689671602193,15.281844075175744,11.68012171609943,354.7671938922829,1.7738359694614143,1.7941211172226965,1.8301879222829007,141.37204651288837,0.7068602325644419,0.7248347880113688,0.861108723687052,1448.664444406646,7.24332222203323,7.13203582767148,8.166290715231025,2747.8894331924716,13.739447165962359,13.2307903968013,11.73466509305096,710.8551501186298,3.554275750593149,3.4777002625346656,4.740700971398446,1741.9228634316808,8.709614317158405,8.677515003962073,9.061282890023344
2469,nlm,1,200,54.0,1158.7427144956014,5.793713572478007,3.9733613946335558,3.173930795548871,10392.444492641851,51.96222246320926,15.78760094326843,10.07383669493349,215.04598860719085,1.0752299430359542,1.05930234855989,1.4974934986867472,65.12028053293015,0.32560140266465076,0.3562888649226247,0.560671124671816,1995.636284189428,9.97818142094714,8.290462650701635,7.897221800020484,14166.165243448315,70.83082621724158,20.816170426902794,15.06654890240576,542.1088008268055,2.7105440041340274,2.4263412863276597,4.01565653554202,1341.4294914193904,6.707147457096952,7.201417915480518,8.413499333203404
2541,original,1,200,54.0,1799.0720155218546,8.995360077609273,7.616374728405956,3.7009850517378,22998.40872459517,114.99204362297586,58.00939572682391,13.697290353186647,535.8736547267054,2.6793682736335267,2.582883482882118,2.256386429298991,200.0,1.0,1.0,1.0,1261.9456707057363,6.309728353528682,6.315200630747242,7.007126397888964,1192.3044339309881,5.96152216965494,6.050062260695644,4.734124983576153,778.9026225172731,3.8945131125863655,3.720081824473235,4.831321952729391,2219.290100510189,11.096450502550944,11.136179373183172,11.856530969954559
2541,gaussian,1,200,54.0,1021.1887335946295,5.105943667973148,4.35819179033362,3.412450153719556,6472.600028487758,32.36300014243879,18.993835701252593,11.644816051620621,240.68738646680214,1.2034369323340106,0.9964036673215145,1.9154074685704614,47.39998358541986,0.2369999179270993,0.23082692456372703,0.5127219778881846,1788.153190480115,8.940765952400575,9.24518044056557,7.208088283395441,8960.460538516378,44.80230269258189,32.371225676053925,7.462168767134618,578.6539960025052,2.893269980012526,2.22340113852233,4.476391234465122,1330.2221231737087,6.651110615868544,4.687779201076598,9.93739802376678
2541,median,1,200,54.0,707.0125537104257,3.5350627685521285,3.4997836747622797,3.0956458660177857,2619.186582978317,13.095932914891584,12.248502350843816,9.583023327793006,201.63242203077073,1.0081621101538536,0.8735309264047209,1.8108310666572476,41.35269633780131,0.20676348168900657,0.200293278887199,0.5074241529925534,1258.9160258928923,6.294580129464461,5.961911138462394,7.042146814272397,3399.2163261837904,16.99608163091895,16.93634795590871,6.463419106179191,468.82166377387404,2.3441083188693703,1.8794608424036638,4.499821283153459,1649.6853030344694,8.248426515172348,6.513515246760587,10.590647448166989
2541,bilateral,1,200,54.0,1364.8303450792178,6.824151725396089,5.189024083602054,3.4656006531601795,12597.547956979632,62.98773978489816,26.925972984460923,12.010387887184264,346.8989732696172,1.7344948663480861,1.5803568343888788,2.112275878046355,130.54294683014479,0.6527147341507239,0.640515440612966,0.8635890001149981,1911.1999568942697,9.555999784471348,9.341290081951518,8.84762897712829,6896.25879590304,34.4812939795152,29.32680487819649,9.339670301544444,792.3839289808332,3.9619196449041656,2.8738187768050585,5.7915415599321705,1095.0783369969906,5.475391684984953,4.396762145535083,8.267209457836731
2541,tv,1,200,54.0,1188.551565781279,5.9427578289063945,4.390848704486796,3.4284418652884625,10667.516237211725,53.33758118605862,19.27958827500533,11.754213623662633,226.05655930334044,1.1302827965167022,0.925506055083825,1.9378645335190567,53.56090724705348,0.2678045362352674,0.2831933876801056,0.5965498019913192,2335.842927501276,11.67921463750638,10.500302309217805,7.615081336617705,20064.602314476277,100.32301157238139,43.62877235420986,8.379164662253304,638.3322229046922,3.1916611145234612,2.3678121524828173,4.720402656305622,1146.1309588218865,5.730654794109432,4.134227178794577,9.387868273349552
2541,wavelet,1,200,54.0,1114.109210138913,5.570546050694565,4.850164213871034,3.487241279538234,7221.952840521455,36.10976420260727,23.524270707737898,12.16085174171546,423.4113280562252,2.117056640281126,2.0963142405046407,2.1579568529730206,134.74781562442703,0.6737390781221352,0.6542534778524023,0.8927020393930438,1436.7217619632563,7.183608809816281,6.870964743077989,8.106478449606946,2196.1814557298944,10.980907278649472,11.315095019986927,6.999223643089804,783.0461948063703,3.9152309740318514,3.3598456649913,5.460873860275842,1695.3024244694714,8.476512122347357,7.741453004911422,9.778813374278686
2541,nlm,1,200,54.0,1059.7832816186092,5.298916408093046,4.278052525901213,3.3007962440414174,7528.256164904737,37.64128082452368,18.301735685147833,10.895255844677928,225.5246138115004,1.127623069057502,0.948935520945789,1.8904613321407955,52.67276914883436,0.2633638457441718,0.2789088672710721,0.605416448397012,2019.5051503607206,10.097525751803603,9.821038088072934,7.621287373724321,12907.491089011266,64.53745544505632,38.822494848257534,8.205695182944117,605.8382633793536,3.0291913168967683,2.2899511557111945,4.756728911597197,1226.4668054698984,6.132334027349492,4.376731080983912,9.430849264753146
2615,original,1,200,61.0,1627.5738851670887,8.137869425835444,4.320174593081889,3.743834436784862,42721.443079916935,213.60721539958467,18.6639796638376,14.016296290056227,549.6674075566469,2.7483370377832346,2.5354503758806524,2.3435960511309872,200.0,1.0,1.0,1.0,1423.2296828740273,7.116148414370136,7.07861744847143,7.341976435217841,1191.9282378919343,5.9596411894596715,5.8962291697714235,4.765263898013432,937.7872063276861,4.6889360316384305,4.696293621227521,5.159027993771403,2428.1606764336025,12.140803382168013,12.603713988458514,12.949684819887457
2615,gaussian,1,200,61.0,1016.2557755152459,5.08127887757623,4.151614932404583,3.595779948174375,8289.170656997934,41.445853284989674,17.235906568810968,12.92963343569291,342.9299622423691,1.7146498112118453,1.6391198527076094,2.0773122626769704,66.53013976411148,0.3326506988205574,0.3317974594392632,0.49414082477637,1835.598924827833,9.177994624139165,7.90413175014999,7.099103448229038,5244.214676841944,26.22107338420972,13.48876618179733,6.259022659759734,922.5355794388353,4.612677897194176,3.5515744267134686,4.5972995670745345,1814.8739430943162,9.074369715471581,8.113644133646742,11.904624811287933
2615,median,1,200,61.0,741.1540217905138,3.705770108952569,3.6947110418560394,3.3118141365731506,2907.1336905183302,14.53566845259165,13.6509279986265,10.968112875205764,308.03679274045163,1.540183963702258,1.595576522734266,1.984507205164137,65.29533662659861,0.32647668313299305,0.3422314615853992,0.5187648180503756,1509.4997296761705,7.547498648380853,6.2314130843681,7.046261877675229,2663.675263043865,13.318376315219325,10.074523534458088,5.668587575769645,811.5933527365064,4.057966763682532,3.3507691925157035,4.6653822974004004,2037.9209757453918,10.189604878726959,9.322556065158428,12.422324239584103
2615,bilateral,1,200,61.0,1183.5846129476117,5.9179230647380585,4.257316333996977,3.629560725477939,13390.417693922976,66.95208846961488,18.124746552152892,13.173711059931945,425.677086467751,2.1283854323387548,2.0060233095130426,2.277416217810495,141.43632580379767,0.7071816290189884,0.736509774956386,0.8696490645326894,2102.8627931711862,10.514313965855932,9.572989639469853,8.622579630372043,4906.604439560619,24.533022197803092,15.139916201774515,7.5759265341481115,1172.4256594264548,5.862128297132274,4.57772438471709,5.870139524911415,1471.2061291679615,7.356030645839808,7.049727684136716,10.041764355770301
2615,tv,1,200,61.0,1152.0549977055775,5.760274988527888,4.180895634300441,3.5870221194867025,14808.075852213931,74.04037926106966,17.47989616134722,12.866727685686875,339.4427251786201,1.6972136258931005,1.6677775760283389,2.1005968081975386,80.58963708915158,0.4029481854457579,0.44085096168512905,0.5896932826282435,2157.8042606085855,10.789021303042928,8.708730439236245,7.532204740921039,9952.479214820003,49.76239607410002,15.261776779722567,7.004637690065936,1015.2868915132375,5.0764344575661875,3.9050855138111475,4.885577133934001,1647.2867101772,8.236433550886,7.462861832039831,11.24490670891478
2615,wavelet,1,200,61.0,1138.7291308342637,5.693645654171319,4.163639817633367,3.658560625692093,9611.564426932544,48.05782213466272,17.33591648029595,13.385065851864518,502.51661165032016,2.5125830582516007,2.4189600540963223,2.318214156974817,163.36911328362865,0.8168455664181432,0.8502337382269294,0.9335346580771399,1627.3441287745784,8.136720643872891,7.793520796273814,8.173124356301237,1829.0700647787198,9.145350323893599,8.983574929715685,6.245582869427715,1028.135490780061,5.140677453900305,4.810239332862423,5.674007938559216,2011.114277305178,10.055571386525889,10.107896205895717,11.295914812470329
2615,nlm,1,200,61.0,1024.4139016878673,5.122069508439337,4.007497024354971,3.44365754948842,9415.195381160698,47.07597690580349,16.060117764316487,11.85877731814859,332.21900974953616,1.6610950487476808,1.6514460163600293,2.0473490393601814,79.91724811015021,0.39958624055075104,0.44283568141252916,0.6001131399576067,2021.264820911317,10.106324104556585,8.673661298860225,7.617367728774724,7125.391277655522,35.626956388277605,14.91754725344624,7.008463416867443,994.4361537632199,4.9721807688160995,3.8536618737351933,4.970017465423189,1683.7318357253826,8.418659178626912,7.539549606624856,11.176476181266752
2683,original,1,200,52.0,1664.0780569315202,8.3203902846576,5.241527101742003,3.65158159079316,19591.743511109267,97.95871755554634,27.48689808193112,13.334048114219504,501.6376632169246,2.508188316084623,2.2668096976741534,2.1569885220194784,200.0,1.0,1.0,1.0,1258.5160118854324,6.292580059427162,6.27764188084627,7.054334887545789,1330.2336275556302,6.651168137778151,6.540517784230847,5.5798325184300674,746.1190081063993,3.7305950405319965,3.5620224171656902,4.692167975909342,2146.04553850219,10.730227692510951,10.755006703366085,11.192451460456967
2683,gaussian,1,200,52.0,1200.2658121566928,6.001329060783465,4.639530746028441,3.3536109938454426,9674.120287974381,48.370601439871905,21.525269157166136,11.246706698041017,209.33100993704318,1.0466550496852158,0.9281764390924083,1.7627327360893266,50.36048768709615,0.2518024384354808,0.22532618728972836,0.5042794714269465,1786.8872784598666,8.934436392299332,10.209127161910844,7.06407362072884,9971.899836721059,49.859499183605294,32.5913587071809,8.725291055638158,501.1208695430058,2.505604347715029,1.775642782989419,4.110213255776198,1296.10928739267,6.48054643696335,4.656211635275895,9.545423927756243
2683,median,1,200,52.0,751.4430926846255,3.757215463423128,3.9239429338098244,3.048052187178369,3054.6819347545106,15.273409673772553,15.397343106395043,9.290622135762838,173.02793096978516,0.8651396548489259,0.8795988067406828,1.6736863681874488,45.56473637893514,0.2278236818946757,0.20070145114096402,0.5078328644080013,1239.4718426291163,6.197359213145582,5.846142267282827,6.8483144502398385,3716.540773669795,18.582703868348975,17.658988967846227,7.4652337033375655,406.72348032476924,2.033617401623846,1.721463807467424,4.1160564640061885,1636.0938233108925,8.180469116554463,6.336776690817087,10.23745275213786
2683,bilateral,1,200,52.0,1557.8335611227521,7.7891678056137605,4.878812728180021,3.415419056240412,18906.049731767842,94.53024865883921,23.802978762404983,11.665087329730145,310.6548795820816,1.553274397910408,1.5064754206226736,1.96862114534343,130.81798136742128,0.6540899068371064,0.6411663200052831,0.8656703698680677,1903.351846459544,9.516759232297721,9.751581211520794,8.542543943918105,7622.493698747718,38.11246849373859,32.71492908678882,10.495853912589242,721.6364189950968,3.608182094975484,2.985647693441736,5.3028134130576685,1082.9805230868296,5.414902615434148,4.113515750580046,8.058445822321442
2683,tv,1,200,52.0,1567.7098387787405,7.838549193893702,4.805697581808481,3.3619574866585897,20203.10824379369,101.01554121896845,23.094737156937086,11.30275814209974,193.92617252697255,0.9696308626348628,0.897412468652558,1.7784408010438302,57.62558539219176,0.2881279269609588,0.2882748367458674,0.5958243870804605,2383.2026391630534,11.916013195815268,12.237015436437147,7.447449951922075,23994.33667953949,119.97168339769745,46.363157092248954,9.765685420232215,536.0274739969711,2.680137369984856,1.7848295778148935,4.322440284699875,1116.7326052441058,5.583663026220529,3.8380643936799403,9.035169473597186
2683,wavelet,1,200,52.0,1134.1886825081729,5.670943412540864,4.3009905331726,3.4270474635756147,7694.587883077311,38.472939415386556,18.498728906911396,11.744654317600055,395.71688904043424,1.9785844452021712,1.9909560893180707,2.0380159937817295,141.57537413621873,0.7078768706810936,0.7151738936005351,0.9022071288127677,1406.5016757190654,7.032508378595327,6.833916743022834,8.109757814756062,2344.0641407261664,11.720320703630833,11.869234324312778,8.26024294211344,726.7646751665709,3.6338233758328546,3.1875184848751257,5.2356939772407145,1671.1553867722048,8.355776933861025,7.702208770605414,9.264150363405433
2683,nlm,1,200,52.0,1315.7761437498025,6.578880718749012,4.637426539524115,3.2599556512769863,12730.173515605933,63.65086757802967,21.507212013498794,10.62731084829276,193.14147334083088,0.9657073667041545,0.9070371325855783,1.7465198057383409,56.43576275046263,0.28217881375231313,0.27601685743676474,0.6063760227605368,2041.3753775221662,10.20687688761083,11.287158795479076,7.476148598095346,14917.519952655288,74.58759976327644,39.781227375889536,9.65085577365572,518.0046011483769,2.5900230057418843,1.768029916997958,4.3695659461036565,1191.719930022481,5.958599650112405,4.136220825383113,9.040846800112247
2760,original,1,200,59.0,2054.461291388966,10.272306456944829,6.211891601470966,3.8834206433351315,33288.553820276604,166.44276910138302,38.58787204957359,15.080955893081446,574.9047112767848,2.874523556383924,2.8729605652446493,2.436890191375496,200.0,1.0,1.0,1.0,1344.5105157124337,6.722552578562169,6.613132017864514,7.628946576107905,1270.9334162794707,6.354667081397354,6.316670338743121,5.09472740683878,843.5513826745432,4.217756913372716,3.9110300214098963,5.371796291603398,2293.0069224658882,11.465034612329442,11.043283157509515,12.06787788935442
2760,gaussian,1,200,59.0,1243.8749104841002,6.219374552420501,4.61478053882819,3.8946467578394,10571.572207741741,52.857861038708705,21.296508104953382,15.168273368348949,262.12575757118105,1.3106287878559053,1.1999659787845176,2.25672994537181,47.80318189707952,0.23901590948539758,0.23777266535318148,0.5625871114980634,2064.261713990807,10.321308569954034,11.224440903016085,7.57308136446911,10681.890221311736,53.409451106558684,51.723902674974184,6.962305424183372,740.2061652681052,3.701030826340526,2.1408689019949043,4.934463274600216,1425.1066432055638,7.1255332160278195,3.587521720489215,10.836911456717441
2760,median,1,200,59.0,779.7807716116456,3.898903858058228,3.9432438310754656,3.562574515494453,3292.128711254588,16.460643556272938,15.549215954849572,12.691937178450537,216.904358042404,1.0845217902120199,1.1412900003346167,2.1472296681199703,41.554965208378505,0.2077748260418925,0.1956293383893528,0.5459399747924601,1406.4797259606894,7.032398629803447,5.883920208370058,7.492579879567493,3821.242188883775,19.106210944418873,22.328062757508967,6.2109112720152355,568.1181033816357,2.8405905169081787,2.1689281667229805,5.000409886967623,1764.5294042483217,8.82264702124161,5.4472049522561345,11.37817105910967
2760,bilateral,1,200,59.0,1696.8188463978563,8.484094231989282,5.026315259741988,4.033996658638853,23098.19714928051,115.49098574640254,25.263912395123686,16.27312904190943,383.9499681760352,1.919749840880176,1.776574256023137,2.5237442751173718,129.4245381785578,0.6471226908927891,0.6320631166525884,0.883711386645838,2106.941449443705,10.534707247218526,9.974268359434667,9.251094496410069,7631.241082136795,38.156205410683974,41.87674990455699,8.62667059950227,934.5580263294569,4.672790131647284,3.2007952008081118,6.313975057316338,1202.5244507254279,6.012622253627139,3.6761319535226242,9.017494951222966
2760,tv,1,200,59.0,1594.6597275365787,7.973298637682893,4.718720454001445,3.965615771093508,21000.685309626973,105.00342654813487,22.266363573945057,15.726108443945556,251.39489376364455,1.2569744688182227,1.1945358981434433,2.3144968720424117,53.263805907529544,0.26631902953764774,0.27764872158715886,0.6344972779283157,2812.9063447170615,14.064531723585308,15.636422151318998,7.958944765104918,25283.318310586823,126.41659155293411,82.0633080357634,7.667917029766775,896.2906971360889,4.481453485680444,2.279335009310151,5.189844364294797,1234.6697836342628,6.173348918171314,2.8347767312905905,10.324275793328079
2760,wavelet,1,200,59.0,1289.5930475597818,6.4479652377989085,4.7464209125552586,3.8335319456237666,10358.757987791016,51.79378993895508,22.528516667252475,14.695967178117941,481.56598605226804,2.4078299302613404,2.408997189475271,2.4427334969394923,139.7565323199998,0.6987826615999989,0.6691721527232022,0.9209685293704752,1540.8955056134223,7.704477528067112,7.13058311492204,8.797136375522108,2224.557752145007,11.122788760725035,11.270055723332657,7.195642400280765,879.5762270998816,4.397881135499408,3.6677843744580505,6.114666916184171,1799.9201650747384,8.999600825373692,7.675336053043007,10.141838125597015
2760,nlm,1,200,59.0,1357.556202762864,6.787781013814319,4.584057355149932,3.797635583497362,13821.308000928617,69.10654000464308,21.013739186414718,14.42203602504535,248.18837055778843,1.2409418527889422,1.1971483460091088,2.2528810175438694,52.4107400820349,0.2620537004101745,0.26963753287910563,0.6425252988523315,2424.3229750226146,12.121614875113073,13.674608364468266,8.046398132560393,16159.437820466988,80.79718910233494,65.45656481949136,7.66224740512088,836.1092260560204,4.180546130280102,2.2873316870622835,5.278321651478109,1305.649679775123,6.528248398875616,3.1508939306019967,10.272671786905057
2863,original,1,200,56.0,1349.9628523881058,6.7498142619405295,4.058849538713957,3.7076919550787304,15242.84435338236,76.21422176691179,16.474280717802237,13.746979633755538,510.98425675120916,2.554921283756046,2.390489348334145,2.304321896172003,200.0,1.0,1.0,1.0,1342.5292544812028,6.712646272406014,6.7634787706009085,7.014885204986539,1079.5030220307788,5.397515110153893,5.667340265197975,4.34155248155864,883.819139148866,4.41909569574433,4.352814675830352,4.9312459652047,2338.2110578672537,11.69105528933627,11.903292572290255,12.421707196335046
2863,gaussian,1,200,56.0,890.9584794382788,4.454792397191394,3.9859912433584324,3.639403730168374,5021.825641637183,25.109128208185915,15.888252990826093,13.245259511163475,315.32866067109137,1.5766433033554568,1.553349575019679,2.073390291111635,59.97831571472795,0.29989157857363974,0.2981419445062203,0.5062330322324212,1729.8051442369683,8.649025721184842,7.23230613581387,6.889568233953744,5238.211360749271,26.191056803746356,9.972873311814027,6.005242629518177,843.9588523114716,4.219794261557357,3.2458935131122137,4.439008577565397,1758.2919643210612,8.791459821605306,8.688778030229834,11.116882104990204
2863,median,1,200,56.0,678.6403005724067,3.3932015028620333,3.447461886665905,3.270895055503949,2434.3596559019957,12.171798279509979,11.88502023455301,10.698754464120181,284.97900825346835,1.4248950412673418,1.4789093467718368,1.9493178118641354,55.66857185844231,0.2783428592922116,0.29320802967489035,0.4981066527149955,1389.765142287989,6.9488257114399445,6.095540316229802,6.848892111331425,2462.0083482073815,12.310041741036907,8.219443191560586,5.408630528933751,730.9899908873151,3.6549499544365758,3.2977313479567125,4.52324585084086,1968.1586131111178,9.840793065555589,9.752253567561905,11.616306838815227
2863,bilateral,1,200,56.0,1056.437580364981,5.282187901824905,4.113217410526243,3.6674978288233566,8535.955472644022,42.67977736322011,16.918564153919043,13.450540324424034,388.74362530974156,1.9437181265487078,1.890878197391517,2.2758468940377052,140.43759463488004,0.7021879731744002,0.7192707567939114,0.8574498340913479,1984.1491880105264,9.920745940052631,8.852008166869107,8.428158723765486,4741.018310232482,23.705091551162408,13.253035546829743,7.422334467472683,1090.143661443356,5.45071830721678,4.414323904757701,5.7037625581036915,1431.4819127191813,7.157409563595906,7.0074401174668886,9.29961967398578
2863,tv,1,200,56.0,980.2852466990296,4.9014262334951475,4.035782127070156,3.6467850416281546,7140.779641056539,35.70389820528269,16.28753737844604,13.299041139842862,310.9323252131985,1.5546616260659925,1.5508386196203596,2.097105591759402,72.90547791752866,0.3645273895876433,0.40756574722095906,0.584897608112171,2035.0951074732916,10.175475537366458,7.6967173792001695,7.223581242461436,9495.689559665328,47.47844779832664,11.276255674867713,6.6063096309033424,934.9065079721834,4.674532539860917,3.5427790792037386,4.6533070098350136,1619.5968346521784,8.097984173260892,8.159952879055357,10.600922121620597
2863,wavelet,1,200,56.0,936.3724999969425,4.681862499984712,3.861259792126255,3.574201428318309,5274.715446812616,26.37357723406308,14.9093293425104,12.774915850192638,437.61060344736654,2.188053017236833,2.177563331398022,2.2500703024060953,148.08170823092246,0.7404085411546123,0.7806554333103913,0.8912993663500599,1554.482218840705,7.772411094203525,7.4291877328260325,7.950942161506459,1827.9645365261438,9.139822682630719,8.472657346578073,6.066829007002634,962.6359341328009,4.813179670664004,4.635561059859355,5.487848779800716,1880.0972435732547,9.400486217866273,9.287402417055164,10.530774701535181
2863,nlm,1,200,56.0,905.731878725561,4.528659393627805,3.857124277244379,3.5115603768589483,5557.509060003171,27.787545300015854,14.877434315567083,12.33105628032576,306.4177364481782,1.5320886822408908,1.5307029329865305,2.0487821003110795,71.31922718064257,0.3565961359032129,0.3942967481808729,0.5985945231161793,1895.3806615747517,9.476903307873759,7.63874716418983,7.261992041979408,7021.2246586262145,35.10612329313107,11.04144149731933,6.5316522832303034,904.21089289613,4.52105446448065,3.4619664470252145,4.706282300394831,1656.221220095124,8.28110610047562,8.246219800286323,10.601123708852453
2967,original,1,200,56.0,1783.5348879443004,8.917674439721502,4.624199821395073,3.7511893407969863,27634.99966550355,138.17499832751776,21.383226778158594,14.071421470508929,542.5382201541887,2.7126911007709436,2.5225111307168686,2.3687823100955914,200.0,1.0,1.0,1.0,1333.8684687965574,6.6693423439827875,6.566857243090872,7.4686613021739365,1138.5618223547694,5.6928091117738475,5.741091268835202,4.800210647245379,859.1389477561042,4.295694738780521,4.145541856226282,5.2777229992440295,2242.9578493599665,11.214789246799832,11.131281410547896,11.711212238587509
2967,gaussian,1,200,56.0,1034.2099599142944,5.171049799571472,3.9949725699133403,3.653861928367921,7214.9612705496,36.074806352748,15.964231902214543,13.35070699157654,274.9397834277786,1.374698917138893,1.2559126257503963,2.1208035423221054,59.04740482652139,0.29523702413260694,0.2901639883862459,0.5422913299031751,1936.2109337329478,9.68105466866474,10.201038679201044,7.518385757583584,7918.444115103921,39.592220575519605,33.1087098715802,7.109963489171605,796.0682936804913,3.980341468402456,2.7709566591655417,4.85193427871291,1419.0336075952398,7.095168037976199,4.269555934182643,10.102400498875776
2967,median,1,200,56.0,705.102802463882,3.5255140123194098,3.3512773251981818,3.292287213123781,2718.376980324971,13.591884901624855,11.231059969851524,10.839155093698352,234.2518071734803,1.1712590358674015,1.201065891562417,2.0043529715055572,54.923560855792445,0.2746178042789622,0.29535216048555313,0.5556023431146043,1412.6754800043168,7.063377400021584,5.965465565949927,7.537647864108191,3193.1705393143648,15.965852696571824,17.10131025439329,6.401274080042879,644.0311452482268,3.220155726241134,2.6863013468183112,5.007573936326064,1702.6195004708632,8.513097502354317,5.938835405757384,10.52900752421141
2967,bilateral,1,200,56.0,1254.8925035270945,6.274462517635473,4.176597331813596,3.6182619834849854,12476.220278866394,62.38110139433197,17.444207465662796,13.0918197811327,365.20281740526616,1.8260140870263308,1.7360517638256332,2.299414034864065,137.0584092679424,0.6852920463397121,0.6996846038867658,0.8878125289280154,2087.9872165287657,10.439936082643829,9.57517068873651,9.432771425650822,6408.9117367531735,32.04455868376587,29.950807375868912,9.074203008756792,1010.4292589473628,5.052146294736814,3.908460417597423,6.420429644119915,1159.882352292918,5.79941176146459,4.149190747151062,8.267022345313425
2967,tv,1,200,56.0,1229.5022366194494,6.147511183097247,3.947634982078736,3.643115259021942,12574.508764172779,62.872543820863896,15.583990021809504,13.27228879051851,258.95264181382856,1.2947632090691428,1.2064470825674873,2.1439099350731707,66.84079128301791,0.33420395641508954,0.39796396764057684,0.6225453040859795,2434.8838601572998,12.174419300786498,11.9873121228558,8.043637251693662,16734.45480051812,83.6722740025906,44.825617185037586,8.106659688267865,885.9759988793842,4.429879994396921,3.053094549662286,5.196417609961071,1231.7103589701514,6.158551794850757,3.627116845098581,9.457399211071651
2967,wavelet,1,200,56.0,1139.4420754857063,5.697210377428531,4.130347974857582,3.639093991342156,8638.973409729002,43.19486704864501,17.059802839226293,13.243005077822582,462.06938310834914,2.3103469155417455,2.3287382258634866,2.337521942290449,147.5333167110272,0.737666583555136,0.7638045214434461,0.9203089379213015,1551.0063878560525,7.755031939280262,7.204145232665278,8.722045977131604,2003.404884915318,10.01702442457659,10.132101812068544,7.030307262027148,923.3800119144137,4.616900059572068,4.029708227304269,6.070573318017964,1745.115493568518,8.72557746784259,7.765810489572907,9.657376388482836
2967,nlm,1,200,56.0,1078.3165198650427,5.391582599325213,3.8401331748587406,3.4686973013203626,8612.959142644268,43.064795713221336,14.746795206901277,12.031860968187166,258.38821363454923,1.2919410681727461,1.2138012651397403,2.076866591830206,67.71350483616675,0.33856752418083375,0.4073050107231131,0.6493268858532634,2175.6243714362263,10.878121857181132,11.418020304094846,8.143306200972589,11206.292331467452,56.03146165733726,39.64372351692177,8.086278267428481,851.2660386648085,4.256330193324043,3.0820535332914583,5.299667991314321,1291.8055632108667,6.459027816054333,3.8067511339502316,9.407744401798354
3037,original,1,200,51.0,1209.0017059208947,6.045008529604473,3.9895784909596514,3.6158947908169554,11010.821620149476,55.05410810074738,15.917337531791663,13.074695138257194,485.35572848971844,2.426778642448592,2.299301383755161,2.2062171272887854,200.0,1.0,1.0,1.0,1284.949463271274,6.42474731635637,6.34236347987555,6.888035250297118,1054.1093891227183,5.270546945613591,5.416966603731834,4.585824352022552,828.4305141963316,4.142152570981658,3.9405872598780767,4.746581456253793,2197.6342592299125,10.988171296149563,11.067127500217364,11.394921099195223
3037,gaussian,1,200,51.0,778.3952757308733,3.8919763786543666,3.539500537053253,3.2652071312307593,3743.4522171804806,18.717261085902404,12.528064060549902,10.661577609840204,276.60300470535077,1.3830150235267538,1.3285132742176402,1.8280781405369093,62.1187463163688,0.310593731581844,0.3035765945605061,0.4947773515026754,1765.6079395058387,8.828039697529194,7.826082391531793,7.098049030628497,5545.405749535785,27.727028747678922,13.290710351096653,7.419000209001936,811.8296042801089,4.059148021400545,3.080981897533867,4.374264859846616,1478.186450383448,7.390932251917239,6.836246867548464,9.495270811206236
3037,median,1,200,51.0,613.3022758373095,3.0665113791865473,3.1108728311693574,2.993570015106955,1969.2265326935615,9.846132663467808,9.677536665815023,8.961461435347454,251.30956621490884,1.2565478310745442,1.2885482785180116,1.7426480999718599,57.17862039711038,0.2858931019855519,0.2823004155430714,0.48949082141978045,1360.8750979868673,6.804375489934337,5.94482199629917,6.853757653343721,2526.3643350754996,12.631821675377498,9.880973864388631,6.250019284766367,676.8238590996033,3.3841192954980164,2.681764010075704,4.353753796393423,1744.4544944740242,8.72227247237012,8.086421427265398,10.23631205574749
3037,bilateral,1,200,51.0,883.3031505830063,4.416515752915031,3.8591746338560413,3.5022975446027926,5138.828039243435,25.694140196217177,14.893228936545274,12.26608809093075,340.70562114382994,1.7035281057191498,1.6440705525486488,2.0680390083418296,137.84123406363844,0.6892061703181922,0.7057930913033914,0.8438783587834551,1922.954671689896,9.61477335844948,8.363112796907878,8.218747908201538,5019.9827575297795,25.099913787648898,17.61033731973798,8.664042558082722,975.3549852247965,4.876774926123982,3.8747413579199854,5.275273335849549,1238.7053983142741,6.193526991571371,5.425633601003764,8.17462389339264
3037,tv,1,200,51.0,827.5119517315532,4.1375597586577655,3.552128820186895,3.3056621529663466,4877.923807289,24.389619036445,12.617619395581668,10.927402269554102,269.1045697995539,1.3455228489977693,1.324230103996036,1.8520145232936185,72.64117703819186,0.36320588519095925,0.3833048945004425,0.5752212982267532,2069.373725663807,10.346868628319035,8.238437665068691,7.392543901139798,9516.075178926474,47.58037589463237,15.019021263682706,8.154532386022035,893.9257799185738,4.469628899592869,3.203641464624741,4.536929713960088,1352.4656233218243,6.762328116609122,6.278569325924066,9.078487933351296
3037,wavelet,1,200,51.0,835.2347138939347,4.1761735694696736,3.6399566942672283,3.3488846952282776,4005.2988086668543,20.02649404333427,13.249284907133118,11.215028701934193,393.7795190553752,1.968897595276876,1.9490716668499688,2.0672686515643632,139.18307041946633,0.6959153520973317,0.730525529274216,0.8659214271477642,1509.0774224484044,7.545387112242022,7.021829104274582,8.016021962431891,1931.736102488519,9.658680512442595,9.512782664756351,7.039782833226605,893.461133929677,4.467305669648385,3.8910489499778613,5.3627630543668285,1689.4305032172329,8.447152516086165,8.211631449027252,9.2696714910663
3037,nlm,1,200,51.0,779.7314167771301,3.8986570838856505,3.4741374066754758,3.190105398190828,3986.4915751941044,19.93245787597052,12.069650491751256,10.17677245156626,266.30205217058835,1.3315102608529417,1.304980889522159,1.8113651645606035,70.69097604618673,0.3534548802309337,0.3792640736152327,0.5734661681930076,1932.7569754321933,9.663784877160966,8.322200020005365,7.445484093519973,7326.1985460087935,36.63099273004397,15.056486010233943,8.100709735671499,864.7442687261967,4.323721343630983,3.226049594461454,4.599309514251951,1386.4139729753565,6.932069864876783,6.358792818120989,9.053040986874958
3100,original,1,200,55.0,1529.1550112194195,7.645775056097097,4.278359401542725,3.8180231568893266,22690.168932799523,113.45084466399761,18.30437286503085,14.577300826543139,548.6490021019413,2.7432450105097064,2.6438646954669633,2.470550439289488,200.0,1.0,1.0,1.0,1404.0290792705846,7.020145396352923,6.719174469536776,7.553710044796608,1010.8214407620133,5.054107203810066,5.083311006357382,4.313898309702061,956.6249932965221,4.78312496648261,4.368566517213255,5.4767174329411725,2230.7651938999406,11.153825969499703,10.847590240796752,11.58182919091935
3100,gaussian,1,200,55.0,959.3184615710372,4.796592307855186,3.942026606172128,3.883897924248067,5730.384721684423,28.651923608422116,15.539573884252484,15.084663085978445,364.4268783584488,1.822134391792244,1.5979745144955666,2.341424135000033,69.62742071376401,0.34813710356882005,0.32926577458230555,0.5288011840176906,2038.1086237959635,10.190543118979818,10.419542724060737,7.678718747749451,5649.305164641422,28.24652582320711,18.243802790250086,6.205633111172086,1084.348137640652,5.42174068820326,3.9668506206962664,5.187607929023779,1545.8112800400477,7.729056400200238,5.458154697917961,10.114571205474851
3100,median,1,200,55.0,725.1594858970776,3.625797429485388,3.5165894231000943,3.5202085390238804,2762.092406741617,13.810462033708086,12.366403181334245,12.391868158216642,327.2464414246992,1.6362322071234958,1.557370952245364,2.2121300842799694,67.0592999468699,0.3352964997343495,0.3357692790512611,0.5413418007791134,1607.837281109701,8.039186405548506,7.015249531489459,7.611134685159534,2534.5392391083665,12.672696195541832,11.63719387902957,5.482337054677578,925.2296411690456,4.626148205845229,3.7263386782952495,5.269695586084442,1791.5530003628598,8.9577650018143,6.797445112436785,10.621587648718256
3100,bilateral,1,200,55.0,1097.6634431935704,5.488317215967852,4.175298085246997,3.960856750883453,8975.095674093984,44.87547837046992,17.433115104707955,15.688386201019023,439.7655078952157,2.1988275394760786,2.0189984927577287,2.5800302169332494,142.06495156740561,0.7103247578370281,0.7268977319195837,0.8777658117720846,2323.147698158738,11.61573849079369,9.93368326850306,9.537774592294237,4985.993421663924,24.92996710831962,20.925482445317385,7.899583896973011,1377.6942606396085,6.888471303198043,5.209697220385008,6.7271547501645665,1248.6472769596608,6.243236384798304,4.830140147679622,8.276744111846241
3100,tv,1,200,55.0,1074.564514677303,5.3728225733865145,4.0137741813064824,3.9828578723020236,8523.5288162723,42.617644081361505,16.110388359848393,15.863156830958202,361.99641358891574,1.8099820679445786,1.62196896148148,2.414153169685568,80.16585101266955,0.40082925506334777,0.43654015679668207,0.614948680343058,2534.01786901545,12.67008934507725,11.73557207496442,8.078643988227952,11561.78742007217,57.80893710036085,21.847567536819344,6.859811326520028,1283.2015610219903,6.416007805109952,4.4870266796771885,5.459519835668546,1398.2327697855067,6.991163848927533,5.022184867883478,9.621085029226297
3100,wavelet,1,200,55.0,1041.4800943627597,5.2074004718137985,4.213286712298762,3.756682557492697,7072.671943659668,35.36335971829834,17.751808760067636,14.11266383776987,494.41077495423326,2.4720538747711664,2.500086929261912,2.476842794252468,146.92574500798156,0.7346287250399078,0.77946475769976,0.8992966410521849,1713.1298405138537,8.565649202569269,7.94546149050195,8.91862730468309,1835.8270595555068,9.179135297777535,9.279821350657585,6.4418117220444975,1112.9706614407496,5.564853307203748,5.000469754007574,6.380554862445774,1725.8723671197272,8.629361835598637,7.604641626061244,9.463611660952889
3100,nlm,1,200,55.0,973.0010108702654,4.865005054351327,3.8611899789325896,3.8002988254013874,6276.991485716282,31.384957428581412,14.908788525458881,14.442271162347165,354.4816788582415,1.7724083942912074,1.599380537636239,2.340360550048036,78.35589454888638,0.3917794727444319,0.4262279396071033,0.6154892966205929,2302.561510969492,11.512807554847459,11.452597458907295,8.137541738749153,7906.9535008017965,39.53476750400898,20.461130430969284,6.794360574879161,1212.373382888984,6.06186691444492,4.320551477276095,5.5309423113573715,1448.7527020578173,7.243763510289086,5.155617409633511,9.611364732698677
3162,original,1,200,55.0,1057.1205255742739,5.285602627871369,3.9371957960333033,3.825022900465476,8452.712158823892,42.263560794119456,15.50151395705204,14.630800189085324,490.94077614558466,2.4547038807279233,2.3381752927385,2.3256836606226874,200.0,1.0,1.0,1.0,1407.8079606537815,7.039039803268907,7.120920348239782,7.150399908626905,1106.3457140709943,5.5317285703549715,5.802721540265294,4.927789172268663,941.5983888217208,4.707991944108604,4.827325395819482,4.930537486703272,2282.0986314760657,11.410493157380328,11.362837984262722,11.807637567754856
3162,gaussian,1,200,55.0,830.5907019583799,4.1529535097918995,3.9910964853351993,3.7766632299303398,3717.822119278825,18.589110596394125,15.928853222528302,14.263185152307866,376.0603261776008,1.880301630888004,2.045588947232039,2.0967590998761625,70.86926547573887,0.35434632737869437,0.3814043891829474,0.46649202173814414,1518.6395950568262,7.593197975284131,7.252012027387363,7.228240333107321,3114.41190675712,15.5720595337856,7.755610195431424,7.29245591200307,819.3307659126062,4.0966538295630315,4.3554786962298095,4.5277855728858,1859.3067464453388,9.296533732226694,10.252293263018762,10.200792112845464
3162,median,1,200,55.0,704.9794395903107,3.5248971979515535,3.5583378365526186,3.387539638789686,2556.7488214321947,12.783744107160974,12.661771849465097,11.475424804371356,348.4121584045981,1.7420607920229905,1.9223961506829137,1.967389595113855,72.49438712188264,0.3624719356094132,0.3805869163441858,0.4776008025107791,1378.7487492634218,6.893743746317109,7.0862911088759475,7.084314024314315,1887.65736804729,9.43828684023645,6.882725827067845,6.3693402500112954,792.6473877058945,3.9632369385294726,4.375331187742326,4.5605588361054235,2018.4890876813506,10.092445438406752,10.844417256169582,10.832084131289616
3162,bilateral,1,200,55.0,944.5644211443738,4.722822105721869,4.398489683071911,4.123565539872867,4930.650413177533,24.653252065887663,19.346894441608903,17.003792761627004,451.64817078280316,2.2582408539140157,2.3549585598858345,2.3844740883379445,144.27355787075248,0.7213677893537624,0.7437418056504204,0.795146814343544,1755.865136178613,8.779325680893065,8.606852837500524,8.313830794002222,3106.499547560835,15.532497737804174,10.37065351415186,8.687516546876363,1015.070338924619,5.075351694623095,5.301731098372038,5.366371456390189,1520.8940227334326,7.604470113667163,8.395108228771168,8.715971998932426
3162,tv,1,200,55.0,877.4279937463391,4.387139968731695,4.0943855116935115,3.857242078293594,4373.33522814249,21.866676140712453,16.76406131610814,14.878316450558685,382.4534234110403,1.9122671170552017,2.095900942383548,2.146959424988091,88.38934776955736,0.4419467388477868,0.4676898329621608,0.5580141119303158,1627.8389230604257,8.139194615302129,7.500224576629989,7.525502424715563,4280.381569498541,21.4019078474927,8.49052518893419,7.944524333236704,852.8188021834196,4.264094010917098,4.533565674141392,4.70689916543328,1769.0393828441483,8.845196914220741,9.888845377964417,9.781955842301706
3162,wavelet,1,200,55.0,866.3400935529588,4.331700467764794,3.8277374289697885,3.6999275333651354,4273.417495831022,21.36708747915511,14.651573839931896,13.689463752153415,456.4617211096337,2.2823086055481685,2.298616480178851,2.285021602857112,162.84644593442354,0.8142322296721177,0.8516981168635978,0.883157714686603,1625.7826104553349,8.128913052276674,8.436388786827905,8.260894029832908,1726.357084157499,8.631785420787494,8.352122544886551,7.1328758181018594,1045.8908188529072,5.229454094264536,5.5519822854897,5.590149598386526,1857.3086451556928,9.286543225778464,9.476942575838255,9.821364165309571
3162,nlm,1,200,55.0,819.399287181562,4.09699643590781,3.8515661458062147,3.652340832410757,3800.982535520866,19.00491267760433,14.834562338837149,13.3395935560949,370.5275653778382,1.852637826889191,2.028261615875695,2.0762858655247607,88.41287136678334,0.44206435683391665,0.47403796780172053,0.5622814586575884,1613.1438608743351,8.065719304371676,7.653407257244229,7.636684876035732,3764.311271388512,18.821556356942562,8.501763712890224,7.977327587151187,863.6388222512032,4.318194111256016,4.625484515267864,4.81226854922568,1761.967360880432,8.80983680440216,9.747904718145689,9.691714604690649
3234,original,1,200,54.0,1158.7877068170346,5.793938534085173,3.943934676295409,3.7146145380883966,10068.140424754483,50.34070212377242,15.554623730806878,13.798361166577672,496.9957610339801,2.4849788051699004,2.3726227647350893,2.267104784542786,200.0,1.0,1.0,1.0,1376.1863388008887,6.880931694004444,6.756208859262763,7.06498493625902,1140.9710899488891,5.7048554497444455,5.946204022485149,4.811030525984647,903.4225018280961,4.51711250914048,4.3791763447502,4.871578789193537,2246.8552633447944,11.234276316723971,11.416218215586682,11.823518280090605
3234,gaussian,1,200,54.0,853.4633540857769,4.267316770428884,4.04191103051566,3.593755500499948,4176.076460202999,20.880382301014997,16.337044781111036,12.91507859737363,335.7568560727137,1.6787842803635684,1.7244064372906838,1.987310482293523,62.87847418406756,0.3143923709203378,0.29563729782216797,0.4898081426291107,1618.331221366524,8.09165610683262,6.741467744894205,6.895162080619184,5060.620823446475,25.303104117232373,8.338069859149128,6.736056147974017,764.5464281172774,3.822732140586387,3.372820797447744,4.2997707521344,1773.761921322967,8.868809606614835,9.748913473236705,10.585625574258758
3234,median,1,200,54.0,693.8719545445507,3.4693597727227536,3.580849301429044,3.263441890667772,2495.6793663165436,12.478396831582717,12.822482132231714,10.650052973765241,308.0143483029477,1.5400717415147387,1.6605492562010737,1.8839883921231944,61.18980046345624,0.30594900231728117,0.2966893522201061,0.4870823902466558,1345.8191693998488,6.729095846999244,6.198037914378759,6.776033417739786,2345.7181294764255,11.728590647382127,7.300440368546001,5.925239301569847,704.0540804801401,3.5202704024007003,3.3142547405065668,4.341851973892625,1971.8171999597182,9.859085999798591,10.414165360793056,11.19251536696731
3234,bilateral,1,200,54.0,979.4381061958899,4.897190530979449,4.198627518081158,3.701095778247947,6188.112281213605,30.940561406068024,17.628477891100488,13.698109959764777,413.8562894116326,2.069281447058163,2.1005427478641474,2.234109395678557,144.08547590977918,0.7204273795488959,0.7447528453132687,0.8461686513599508,1892.9205548076984,9.464602774038491,8.656541889419215,8.476512268252037,4426.786504927813,22.133932524639068,11.457935011815088,8.371305429298692,1030.9726612294342,5.1548633061471705,4.4019239837108,5.583191437563071,1439.2983524526758,7.196491762263379,7.528846886040391,8.819784086261864
3234,tv,1,200,54.0,918.4899776493312,4.592449888246656,4.151595500409578,3.6478968470080897,5421.972204594712,27.10986102297356,17.235752892349435,13.307151406411561,338.5325828139373,1.6926629140696867,1.7487766510069036,2.02595714039717,77.32233627595319,0.386611681379766,0.4076024294425352,0.5637623610035967,1891.3482567174979,9.456741283587489,7.254858437676229,7.186921407091322,9784.508134900752,48.922540674503765,9.025814245473091,7.348130361243072,819.4018929128306,4.097009464564153,3.496531945966072,4.476177899999021,1655.4042982809037,8.277021491404518,9.320124583572834,10.143487402484269
3234,wavelet,1,200,54.0,894.0707640589044,4.470353820294522,3.8265972384981324,3.5782169135532893,4546.877022263387,22.734385111316932,14.642846444847937,12.803636280438829,442.28072676455645,2.211403633822782,2.1799496647771495,2.2055378226628215,154.66093567195594,0.7733046783597797,0.8188149354931851,0.8936350238266393,1569.785441217738,7.84892720608869,7.437173240487542,8.008165671407546,1848.4716499837975,9.242358249918988,8.48816093850402,6.769195872146809,972.25414021656,4.8612707010828,4.643237161359606,5.4063978354646824,1829.0185551378095,9.145092775689047,9.396692746988702,10.007755714917277
3234,nlm,1,200,54.0,865.1190452389909,4.325595226194954,3.9776499319151455,3.5173983787582066,4533.3915773255,22.6669578866275,15.821699055943792,12.37209135489086,332.70947449794585,1.6635473724897292,1.727948681009321,1.982444494441606,76.83997113173159,0.38419985565865794,0.4084679101083484,0.5775626793836055,1762.4520745183731,8.812260372591865,7.211646548545383,7.2198217200225665,6904.418336497939,34.522091682489695,8.95230437254401,7.254554699373777,806.2763703220926,4.031381851610463,3.5451784063936302,4.526393662811128,1685.5176271022694,8.427588135511348,9.376949243624903,10.153709046365693
3294,original,1,200,57.0,1295.273488511565,6.476367442557825,3.8439669835084116,3.650527220389033,14266.474274014548,71.33237137007274,14.776082170357622,13.32634898680128,501.0547308111934,2.505273654055967,2.233463938277196,2.2278072438057683,200.0,1.0,1.0,1.0,1372.2109660483209,6.861054830241605,6.813117445257115,7.25680181856632,1188.0547592177434,5.940273796088717,6.012214794538199,5.287302959598173,886.8401205385258,4.434200602692629,4.367236114682314,4.957388206447314,2335.4835647287505,11.677417823643752,12.023815170662765,12.041312942927
3294,gaussian,1,200,57.0,910.5531816850614,4.552765908425307,3.708069291921772,3.497738651658571,5442.232313683839,27.211161568419193,13.749805112549161,12.23417567530632,310.41623324622253,1.5520811662311127,1.6184216913833325,1.925200752473935,66.21689263474113,0.33108446317370566,0.34273516679648064,0.5067619142759826,1586.945943476121,7.9347297173806055,6.837837677826968,6.984160459979166,5305.334061490472,26.52667030745236,8.13676339356073,7.208425620791737,707.8743999622302,3.539371999811151,3.321914238974137,4.299309324293663,1851.6881653865921,9.258440826932961,10.369804562219398,10.928082031526772
3294,median,1,200,57.0,683.3965180269622,3.416982590134811,3.327191451848915,3.180273651117308,2439.8477937860334,12.199238968930167,11.070216852850802,10.114140495991014,279.2067742766783,1.3960338713833915,1.5798319191303656,1.8283499779134558,66.90305545984785,0.33451527729923924,0.37013379335371444,0.5171689548197497,1324.5346896688677,6.622673448344338,6.1538427807875875,6.939222731966125,2481.4747928416064,12.407373964208032,7.0178286926281785,6.506707648383265,658.7669460182267,3.2938347300911333,3.390289722508922,4.388397836293499,2035.294559965461,10.176472799827305,10.979418249453499,11.418655635431657
3294,bilateral,1,200,57.0,1107.921859683314,5.53960929841657,4.012372031734526,3.763365180472667,9480.886115608137,47.40443057804068,16.09916210364053,14.162917481594068,390.55541643361084,1.9527770821680541,1.9052553438552846,2.1933885962739947,143.2868141557844,0.7164340707789221,0.7483419492244189,0.8466429804117396,1749.6237898052982,8.748118949026491,8.242058906286527,8.084184170756245,4398.330676872942,21.99165338436471,10.575077609008435,8.334701849992175,891.070702157756,4.45535351078878,4.256403426055362,5.197195800500457,1561.7806951256962,7.8089034756284805,8.533205821442984,9.459204615673887
3294,tv,1,200,57.0,1031.7217313437286,5.158608656718643,3.713191578140298,3.508053553303993,8704.18665237068,43.5209332618534,13.7877926769138,12.306439732848773,305.8175319844947,1.5290876599224734,1.6436433638450452,1.945856782634195,83.96887995550046,0.41984439977750226,0.4813630206865134,0.6038777265719596,1843.9339309904888,9.219669654952444,7.1028760614164606,7.314945531256209,10313.484296258952,51.56742148129476,8.759804649235978,7.924259547561143,740.9518413872485,3.7047592069362425,3.4957930543939737,4.499939394928768,1730.0024974827002,8.6500124874135,9.982688688321243,10.430429440334203
3294,wavelet,1,200,57.0,956.0575784659707,4.780287892329853,3.6438662077222848,3.5106698543970443,5745.572972471751,28.727864862358757,13.27776401878158,12.324802826572164,441.96300757120065,2.209815037856003,2.0806342762858536,2.1622313451683604,160.60169001511832,0.8030084500755916,0.8585635205315925,0.9130134518624776,1541.6469135752473,7.708234567876236,7.518278037121531,8.197919752291225,1847.8374134069425,9.239187067034713,8.201776053583178,7.31864722579732,939.4932606086752,4.697466303043376,4.640509691310104,5.492619912015231,1926.1453664269357,9.630726832134679,10.132515498203883,10.26087328539292
3294,nlm,1,200,57.0,936.5114289810397,4.682557144905198,3.5572360230348736,3.3643927690453244,6401.937535623653,32.00968767811827,12.653930180121552,11.319138704404466,299.3252389836428,1.496626194918214,1.6126662065916026,1.8983052103807867,82.6909261163817,0.4134546305819085,0.478140611653195,0.6075164811693046,1740.6788828488982,8.70339441424449,7.294096553043653,7.458068587400889,7479.916895542461,37.3995844777123,8.84072008019242,8.0747772491951,743.2481400245424,3.7162407001227122,3.4862128502250784,4.616453333853164,1733.816928037772,8.66908464018886,9.930559058002459,10.274109397705388
