method,metric,slice_agg,across_volumes_sum,across_volumes_mean,across_volumes_median,across_volumes_std
original,snr,sum,20343.106425882117,1453.0790304201512,1343.596489432919,282.2133548319557
original,snr,mean,101.71553212941058,7.265395152100756,6.717982447164594,1.4110667741597787
original,snr,median,65.46848109204159,4.676320078002971,4.250262644362115,1.0296601524062354
original,snr,global,52.483155154530024,3.7487967967521447,3.7369191291552317,0.08194145154205831
original,enl,sum,264027.27540641464,18859.09110045819,14754.659313698454,9671.946761043746
original,enl,mean,1320.1363770320736,94.29545550229098,73.77329656849227,48.359733805218724
original,enl,median,321.00900174553914,22.92921441039565,18.065529208791965,11.555395119632045
original,enl,global,196.84268554747948,14.060191824819963,13.96461239932591,0.6160019299519623
original,cnr,sum,7244.679765895032,517.4771261353594,511.4845990110377,31.513103953063705
original,cnr,mean,36.22339882947516,2.587385630676797,2.5574229950551883,0.15756551976531855
original,cnr,median,34.329410857148545,2.4521007755106106,2.443515550909072,0.18220420352911892
original,cnr,global,32.14808551032477,2.296291822166055,2.2949492771627265,0.11310943104605706
original,beta,sum,2800.0,200.0,200.0,0.0
original,beta,mean,14.0,1.0,1.0,0.0
original,beta,median,14.0,1.0,1.0,0.0
original,beta,global,14.0,1.0,1.0,0.0
original,snr_bg,sum,18907.753164584945,1350.5537974703532,1358.3607408803773,55.376537427995814
original,snr_bg,mean,94.53876582292472,6.752768987351765,6.791803704401887,0.27688268713997904
original,snr_bg,median,93.51089873454924,6.67934990961066,6.73769166439977,0.26729850920356535
original,snr_bg,global,101.38581145682866,7.241843675487762,7.203600863596613,0.23284344788074876
original,enl_bg,sum,16676.832093412722,1191.202292386623,1164.5129245833164,150.84402184778557
original,enl_bg,mean,83.3841604670636,5.956011461933114,5.822564622916581,0.7542201092389278
original,enl_bg,median,84.39909995242299,6.028507139458784,5.921216596128286,0.7179126558895823
original,enl_bg,global,70.88167802177506,5.062977001555361,4.805620586615013,0.7665889554603096
original,cnr_bg,sum,12131.775019484603,866.5553585346145,876.8590423457513,72.47112723159829
original,cnr_bg,mean,60.658875097423014,4.332776792673072,4.384295211728756,0.3623556361579915
original,cnr_bg,median,58.493942228466715,4.178138730604766,4.249178266028316,0.39600156161541983
original,cnr_bg,global,69.96428561394976,4.997448972424983,4.9443170858260075,0.2984767653579631
original,bg_sigma,sum,32013.34242030876,2286.66731573634,2264.47694741043,87.88315230803966
original,bg_sigma,mean,160.0667121015438,11.4333365786817,11.32238473705215,0.43941576154019846
original,bg_sigma,median,160.59586491288252,11.471133208063037,11.249508678722947,0.5710147278103714
original,bg_sigma,global,167.17330727350836,11.940950519536312,11.840024625022583,0.514808403459353
gaussian,snr,sum,13452.194322929414,960.8710230663867,934.9358216280493,140.13164637136137
gaussian,snr,mean,67.26097161464708,4.804355115331934,4.674679108140246,0.700658231856807
gaussian,snr,median,56.929101092823785,4.066364363773127,4.0184418002145,0.30535883127755525
gaussian,snr,global,50.409487315408285,3.600677665386306,3.617591839171374,0.21680322252468454
gaussian,enl,sum,85247.45602689024,6089.104001920731,5586.3085176841305,2259.096119046608
gaussian,enl,mean,426.23728013445117,30.445520009603655,27.931542588420655,11.29548059523304
gaussian,enl,median,232.80483749690904,16.62891696406493,16.15063834166279,2.518850556443068
gaussian,enl,global,182.16636602232407,13.011883287308862,13.087446473428193,1.556631282949901
gaussian,cnr,sum,4224.562253398124,301.7544466712946,293.5096189757867,58.95076838588066
gaussian,cnr,mean,21.12281126699062,1.5087722333564728,1.4675480948789332,0.29475384192940324
gaussian,cnr,median,20.162280353895447,1.4401628824211035,1.4409314246186598,0.33597054559396455
gaussian,cnr,global,28.24210629127616,2.0172933065197256,2.060274187883884,0.21427566745242363
gaussian,beta,sum,871.8978286404955,62.278416331463966,62.49861025021818,9.703401415387553
gaussian,beta,mean,4.3594891432024765,0.31139208165731974,0.3124930512510909,0.04851700707693776
gaussian,beta,median,4.29798047319371,0.3069986052281221,0.30085926953336317,0.05209212365366497
gaussian,beta,global,7.205482610315297,0.5146773293082355,0.5064974732542019,0.035959333283330855
gaussian,snr_bg,sum,25229.713597329224,1802.1223998092303,1781.64074158061,169.24010424991658
gaussian,snr_bg,mean,126.1485679866461,9.01061199904615,8.908203707903048,0.8462005212495828
gaussian,snr_bg,median,120.67109553861127,8.619363967043663,7.906323120004059,1.5621749861849332
gaussian,snr_bg,global,101.43036216689593,7.245025869063995,7.211639092611323,0.2515683297140523
gaussian,enl_bg,sum,94796.3900510326,6771.1707179309005,5597.3554570886035,2381.22855441532
gaussian,enl_bg,mean,473.98195025516304,33.8558535896545,27.98677728544302,11.906142772076606
gaussian,enl_bg,median,294.5886156465271,21.042043974751937,15.866284486023709,13.72072817752556
gaussian,enl_bg,global,104.77792152819619,7.484137252014014,7.159194554981671,1.8541983240970046
gaussian,cnr_bg,sum,10936.143184577199,781.153084612657,803.9489489803001,158.8232542822262
gaussian,cnr_bg,mean,54.680715922886,3.905765423063286,4.019744744901501,0.794116271411131
gaussian,cnr_bg,median,43.310689856522124,3.0936207040372947,3.2552032211026463,0.7417846133758776
gaussian,cnr_bg,global,63.36153756605826,4.525824111861304,4.496546849440374,0.3490581136347648
gaussian,bg_sigma,sum,22595.335728610964,1613.9525520436403,1597.2188120235728,211.85609724715127
gaussian,bg_sigma,mean,112.97667864305481,8.0697627602182,7.986094060117864,1.0592804862357563
gaussian,bg_sigma,median,99.54988935580866,7.110706382557761,7.114995337777022,2.4765171046830696
gaussian,bg_sigma,global,146.4084150328841,10.457743930920293,10.393208843552111,0.8310245172306338
median,snr,sum,9901.863263247114,707.2759473747939,706.0576780871538,43.178512424812546
median,snr,mean,49.50931631623557,3.536379736873969,3.530288390435769,0.21589256212406274
median,snr,median,49.57060267701969,3.5407573340728353,3.537463629826356,0.22624903540585095
median,snr,global,45.828446989950066,3.2734604992821477,3.2815911343138646,0.19329548987358336
median,enl,sum,37145.28752030965,2653.2348228792607,2668.781781651644,338.64694343011263
median,enl,mean,185.72643760154824,13.266174114396303,13.34390890825822,1.693234717150563
median,enl,median,176.23429885677496,12.588164204055355,12.514087515399671,1.609612537863469
median,enl,global,150.54069501472392,10.752906786765994,10.768954778909267,1.2662909456773674
median,cnr,sum,3763.4000878044426,268.8142919860316,265.25817024579356,59.75693986331167
median,cnr,mean,18.817000439022213,1.344071459930158,1.326290851228968,0.2987846993165583
median,cnr,median,19.252720214321464,1.3751943010229617,1.3837288126449243,0.3318857746386614
median,cnr,global,26.763239747888964,1.9116599819920688,1.9463006849498938,0.20104447182943344
median,beta,sum,833.6502323797317,59.546445169980835,59.18421043028331,11.772468996860297
median,beta,mean,4.168251161898658,0.2977322258499041,0.2959210521514165,0.05886234498430148
median,beta,median,4.24166017093167,0.3029757264951193,0.29602075635282965,0.06948066896590153
median,beta,global,7.283795317396457,0.5202710940997469,0.5125009096138755,0.04442142078830704
median,snr_bg,sum,19548.912834406277,1396.3509167433056,1384.2569457757054,101.9709417679038
median,snr_bg,mean,97.74456417203139,6.981754583716528,6.921284728878527,0.5098547088395191
median,snr_bg,median,88.02390255833264,6.287421611309474,6.175940347583174,0.39802878829505023
median,snr_bg,global,99.62849888353178,7.116321348823698,7.049496635620606,0.26684251344067594
median,enl_bg,sum,40662.00155350534,2904.4286823932384,2599.107251076116,676.6188174437083
median,enl_bg,mean,203.31000776752677,14.522143411966198,12.995536255380578,3.3830940872185415
median,enl_bg,median,174.3471656917359,12.453368977981137,10.85585870674383,5.136473810539175
median,enl_bg,global,91.61886203256381,6.544204430897415,6.309679767388831,1.3955729782128783
median,cnr_bg,sum,9423.523743196509,673.1088387997506,690.4389697898716,150.71002276937037
median,cnr_bg,mean,47.11761871598255,3.365544193998754,3.4521948489493584,0.753550113846852
median,cnr_bg,median,41.0564222155315,2.9326015868236786,2.992016347387512,0.7595062281513387
median,cnr_bg,global,63.97960288736929,4.5699716348120925,4.541902343473142,0.39089776058736253
median,bg_sigma,sum,26147.705552921678,1867.69325378012,1858.556292158266,159.8450288035553
median,bg_sigma,mean,130.73852776460842,9.338466268900602,9.292781460791328,0.7992251440177762
median,bg_sigma,median,116.93650087809549,8.352607205578249,8.32399069186141,2.0319847666609054
median,bg_sigma,global,154.77182774940016,11.055130553528583,11.012299749128463,0.7481535237944493
bilateral,snr,sum,16324.818957458907,1166.0584969613506,1102.7926514384421,247.38342380905988
bilateral,snr,mean,81.62409478729452,5.830292484806752,5.513963257192211,1.2369171190452992
bilateral,snr,median,61.048220825446776,4.360587201817627,4.227971926039068,0.3830005611668025
bilateral,snr,global,52.07877322703772,3.719912373359837,3.684296803535652,0.23140366971090107
bilateral,enl,sum,148877.3635660536,10634.097397575257,9227.99089485106,5563.474303263396
bilateral,enl,mean,744.3868178302679,53.17048698787628,46.139954474255305,27.81737151631698
bilateral,enl,median,268.2604665993182,19.1614618999513,17.87661222162669,3.485915516017192
bilateral,enl,global,194.47814013363814,13.891295723831295,13.574325142094406,1.7392063075902955
bilateral,cnr,sum,5427.483237424022,387.6773741017159,386.3467967428884,52.45255562117986
bilateral,cnr,mean,27.137416187120113,1.9383868705085796,1.9317339837144418,0.2622627781058993
bilateral,cnr,median,25.9854371411061,1.85610265293615,1.833726226707327,0.26963230208294275
bilateral,cnr,global,31.505559404150613,2.2503971002964724,2.2754569492870815,0.22194152690856894
bilateral,beta,sum,1944.637451316849,138.90267509406064,140.93696021933886,5.5022415802316935
bilateral,beta,mean,9.723187256584243,0.6945133754703031,0.7046848010966943,0.027511207901158463
bilateral,beta,median,9.906319613354778,0.7075942580967699,0.7157249467966783,0.04212997067440049
bilateral,beta,global,12.01622264145855,0.8583016172470392,0.8605194171031729,0.025643325787376957
bilateral,snr_bg,sum,27814.771626476933,1986.7694018912096,1953.5519298502113,153.28542485146932
bilateral,snr_bg,mean,139.0738581323847,9.933847009456048,9.767759649251055,0.7664271242573468
bilateral,snr_bg,median,128.90846545030297,9.207747532164499,9.259966182524224,0.6133916701789236
bilateral,snr_bg,global,122.3156445774698,8.736831755533556,8.639661050216326,0.4329064072591932
bilateral,enl_bg,sum,77927.13595376934,5566.2239966978095,5002.988089596852,1461.3236143718866
bilateral,enl_bg,mean,389.6356797688468,27.831119983489057,25.01494044798426,7.306618071859434
bilateral,enl_bg,median,291.116440056762,20.794031432625854,19.047548671002954,9.639679600385612
bilateral,enl_bg,global,126.50795483824245,9.03628248844589,8.630268683820574,1.9967114264291053
bilateral,cnr_bg,sum,14047.2199287143,1003.3728520510214,1012.7497989359908,183.6004565498028
bilateral,cnr_bg,mean,70.2360996435715,5.016864260255107,5.063748994679955,0.9180022827490142
bilateral,cnr_bg,median,57.17311711719674,4.083794079799767,4.082431921826393,0.7635318563559149
bilateral,cnr_bg,global,80.43863046204304,5.745616461574502,5.711080402981915,0.5180759963527035
bilateral,bg_sigma,sum,18696.717899127623,1335.4798499376873,1328.0670400506372,167.07104733470774
bilateral,bg_sigma,mean,93.48358949563811,6.6773992496884365,6.640335200253186,0.8353552366735388
bilateral,bg_sigma,median,84.51648918162817,6.036892084402012,5.800609454570246,1.7088431545269427
bilateral,bg_sigma,global,123.44405559856357,8.81743254275454,8.767878042597145,0.6961178659548504
tv,snr,sum,15448.323645283872,1103.451688948848,1053.1431230105159,247.55790504372567
tv,snr,mean,77.24161822641938,5.517258444744241,5.265715615052579,1.2377895252186284
tv,snr,median,57.72085790850388,4.122918422035991,4.119419127865648,0.3426206498373328
tv,snr,global,50.84517677339161,3.6317983409565433,3.644950150325048,0.23768598899246837
tv,enl,sum,141756.1265812102,10125.437612943586,8613.85773432149,5657.535701023006
tv,enl,mean,708.7806329060512,50.62718806471794,43.06928867160745,28.287678505115032
tv,enl,median,239.622271815,17.115876558214286,16.970294839894464,2.8736428887165486
tv,enl,global,185.45035346233237,13.246453818738027,13.285664965180686,1.7334224694457512
tv,cnr,sum,4155.666161634999,296.8332972596428,287.4610508920243,66.42609251526927
tv,cnr,mean,20.778330808174996,1.484166486298214,1.4373052544601213,0.3321304625763464
tv,cnr,median,20.130638189113455,1.4379027277938181,1.437534361808198,0.36806418782163125
tv,cnr,global,28.700107412698692,2.050007672335621,2.080702697589679,0.2304134107982073
tv,beta,sum,1029.1443360847295,73.51030972033782,75.11390709674092,12.321304594192487
tv,beta,mean,5.145721680423648,0.36755154860168915,0.37556953548370464,0.06160652297096243
tv,beta,median,5.59147792684915,0.39939128048922495,0.40758408833174714,0.07164114208637459
tv,beta,global,8.374446963710142,0.598174783122153,0.5961870945358898,0.03262547995057943
tv,snr_bg,sum,30891.892838228647,2206.563774159189,2203.1107339161663,320.05995595994557
tv,snr_bg,mean,154.45946419114318,11.032818870795941,11.01555366958083,1.6002997797997278
tv,snr_bg,median,136.88387653726448,9.777419752661748,8.535240318888095,2.554868059871599
tv,snr_bg,global,106.64477074396997,7.617483624569283,7.535527323834267,0.29234041801702854
tv,enl_bg,sum,194184.31745698804,13870.30838978486,10937.635858165562,6483.726152552096
tv,enl_bg,mean,970.9215872849402,69.3515419489243,54.688179290827804,32.418630762760486
tv,enl_bg,median,386.62237876540934,27.615884197529237,18.37874224319043,21.54918253407038
tv,enl_bg,global,116.10581408905549,8.293272434932534,7.927505881230774,2.1040209160685968
tv,cnr_bg,sum,12144.727445612749,867.4805318294821,889.9508893989789,197.89968792739967
tv,cnr_bg,mean,60.72363722806376,4.337402659147411,4.449754446994895,0.9894984396369982
tv,cnr_bg,median,46.430714167984675,3.3164795834274767,3.4961625001800227,0.8230261779840266
tv,cnr_bg,global,66.58173066126112,4.755837904375794,4.713650910869451,0.38942750375729457
tv,bg_sigma,sum,20499.18061132805,1464.2271865234322,1440.9595151583744,233.3696055298798
tv,bg_sigma,mean,102.49590305664023,7.3211359326171594,7.204797575791871,1.166848027649399
tv,bg_sigma,median,92.02986572544188,6.573561837531563,6.637495231483247,2.5644087579699124
tv,bg_sigma,global,139.22824667455302,9.944874762468073,9.962721622392987,0.8038927371757436
wavelet,snr,sum,14209.463195686678,1014.9616568347627,972.2625734884335,126.09098018984548
wavelet,snr,mean,71.0473159784334,5.074808284173814,4.861312867442168,0.6304549009492273
wavelet,snr,median,57.3953862878322,4.099670449130872,4.124019156611348,0.3490006751377121
wavelet,snr,global,50.40025967326957,3.6000185480906834,3.6086554524477226,0.14539893024660983
wavelet,enl,sum,90388.2345063358,6456.302464738271,5727.4761578380685,1945.3980570681301
wavelet,enl,mean,451.94117253167906,32.28151232369136,28.637380789190345,9.726990285340651
wavelet,enl,median,237.00796864518978,16.929140617513557,17.007636040463392,2.9571150694743
wavelet,enl,global,181.73784153719333,12.98127439551381,13.023320679130705,1.0473860244373978
wavelet,cnr,sum,6225.4096461275985,444.67211758054276,442.1218671678786,42.24097399165909
wavelet,cnr,mean,31.127048230637996,2.223360587902714,2.2106093358393926,0.21120486995829546
wavelet,cnr,median,30.767771272487412,2.1976979480348153,2.1787564980875858,0.2034490615913122
wavelet,cnr,global,31.273854088078643,2.233846720577046,2.2505457361638928,0.17148667434841067
wavelet,beta,sum,2096.303008973945,149.73592921242465,147.8075124709748,9.33477479307447
wavelet,beta,mean,10.481515044869726,0.7486796460621232,0.7390375623548742,0.04667387396537235
wavelet,beta,median,10.855008205325783,0.7753577289518416,0.7800600955050756,0.06565269938449556
wavelet,beta,global,12.615895964420487,0.9011354260300347,0.8987296985638846,0.02221721782707723
wavelet,snr_bg,sum,21782.329530980966,1555.8806807843546,1552.7443033483787,83.2857953719575
wavelet,snr_bg,mean,108.91164765490481,7.779403403921772,7.763721516741894,0.4164289768597875
wavelet,snr_bg,median,103.99256447445566,7.4280403196039755,7.433180486656788,0.4313054137512075
wavelet,snr_bg,global,116.41923046004533,8.315659318574665,8.185522054296232,0.3035043196729051
wavelet,enl_bg,sum,28254.6470698821,2018.18907642015,1890.1038762361582,289.392552425916
wavelet,enl_bg,mean,141.27323534941053,10.090945382100752,9.450519381180792,1.4469627621295804
wavelet,enl_bg,median,137.73759386657048,9.83839956189789,9.396302007706968,1.6603896316478206
wavelet,enl_bg,global,102.3557358583757,7.311123989883979,7.035045047626877,1.346170891404592
wavelet,cnr_bg,sum,13003.418047908037,928.8155748505741,939.6144650841729,119.07203483927208
wavelet,cnr_bg,mean,65.01709023954018,4.64407787425287,4.698072325420865,0.5953601741963603
wavelet,cnr_bg,median,60.01187718039512,4.286562655742508,4.386098123088489,0.6860115144125487
wavelet,cnr_bg,global,78.69936747230926,5.621383390879233,5.541384755200879,0.40159570598355615
wavelet,bg_sigma,sum,25499.441985233036,1821.3887132309312,1814.469360106274,111.36900153078615
wavelet,bg_sigma,mean,127.49720992616518,9.106943566154657,9.07234680053137,0.5568450076539306
wavelet,bg_sigma,median,122.67076735651402,8.76219766832243,8.556484232053784,0.9943048884072848
wavelet,bg_sigma,global,139.90133995081115,9.992952853629367,9.914559940113424,0.6210064636882212
nlm,snr,sum,13896.624524247361,992.6160374462401,954.7562199256525,179.81704338580573
nlm,snr,mean,69.4831226212368,4.9630801872312,4.773781099628263,0.8990852169290288
nlm,snr,median,55.60001184383324,3.9714294174166596,3.9172756867830727,0.33051316890481
nlm,snr,global,48.83115419350396,3.4879395852502832,3.4901288390896554,0.21046903015348198
nlm,enl,sum,100440.60314366108,7174.328795975792,6339.464510669968,3269.723674954307
nlm,enl,mean,502.2030157183055,35.87164397987896,31.697322553349842,16.348618374771533
nlm,enl,median,222.34285101027965,15.881632215019975,15.348194734363656,2.6953752151426604
nlm,enl,global,170.94027668213533,12.210019763009667,12.181458624256463,1.4756935315169233
nlm,cnr,sum,4089.7396222062985,292.12425872902134,282.8136455771156,62.69214791436867
nlm,cnr,mean,20.44869811103149,1.4606212936451064,1.4140682278855778,0.3134607395718433
nlm,cnr,median,19.95623189467594,1.4254451353339959,1.4178419112543448,0.345255441100522
nlm,cnr,global,27.984805443631434,1.9989146745451023,2.035926156491759,0.21655000461531787
nlm,beta,sum,1017.6020263253641,72.6858590232403,74.07959915618707,12.142498931198473
nlm,beta,mean,5.088010131626821,0.36342929511620153,0.3703979957809354,0.060712494655992356
nlm,beta,median,5.54134208811668,0.39581014915119145,0.40788646041573073,0.0730464654521644
nlm,beta,global,8.47905880399297,0.6056470574280693,0.6027647941773093,0.032592973090572075
nlm,snr_bg,sum,28125.03940617805,2008.931386155575,2007.5707172750742,231.3670507004745
nlm,snr_bg,mean,140.62519703089026,10.044656930777876,10.037853586375372,1.1568352535023725
nlm,snr_bg,median,131.68119179044413,9.405799413603152,8.497930659432795,2.0155809542723624
nlm,snr_bg,global,107.50036483045473,7.678597487889624,7.619327551249523,0.2941209078568349
nlm,enl_bg,sum,133468.87082302774,9533.49077307341,7693.435198172128,3802.2077898294774
nlm,enl_bg,mean,667.3443541151388,47.66745386536706,38.46717599086064,19.011038949147387
nlm,enl_bg,median,346.31800037175265,24.737000026553762,17.758808220601615,17.386184851038795
nlm,enl_bg,global,115.27751721420238,8.234108372443027,7.944890658179353,2.0411742262580654
nlm,cnr_bg,sum,11755.756768590432,839.6969120421737,857.4524304580059,185.43731858340743
nlm,cnr_bg,mean,58.778783842952166,4.198484560210869,4.28726215229003,0.9271865929170371
nlm,cnr_bg,median,46.21142783506564,3.3008162739332603,3.4740896486251467,0.8219800918291126
nlm,cnr_bg,global,67.5711544356463,4.826511031117593,4.779113066210882,0.39911484748219933
nlm,bg_sigma,sum,21095.95014139612,1506.8535815282942,1489.537336439603,212.43218661839776
nlm,bg_sigma,mean,105.47975070698058,7.53426790764147,7.4476866821980146,1.062160933091989
nlm,bg_sigma,median,93.69769591021173,6.692692565015124,6.780105366800754,2.454667220737401
nlm,bg_sigma,global,138.83847957217878,9.917034255155627,9.922711825528172,0.7831170629636428
